id,fold,true_y,predicted_y
259759,0,negative,positive
172692,0,positive,positive
118953,0,positive,positive
253861,0,positive,negative
266839,0,positive,positive
99762,0,negative,positive
217912,0,negative,negative
274210,0,negative,positive
200871,0,positive,positive
2531,0,negative,negative
27079,0,positive,positive
113038,0,negative,positive
190740,0,positive,positive
12370,0,positive,positive
100292,0,positive,positive
180405,0,negative,negative
75885,0,positive,negative
174850,0,positive,positive
195013,0,positive,positive
144369,0,positive,negative
256457,0,positive,positive
194889,0,positive,positive
69382,0,positive,positive
84886,0,negative,positive
83391,0,negative,negative
137563,0,negative,negative
246159,0,positive,positive
48956,0,positive,positive
244646,0,positive,positive
233286,0,negative,positive
157758,0,positive,positive
242972,0,positive,positive
241709,0,negative,negative
193860,0,negative,negative
84243,0,positive,positive
91599,0,positive,positive
283584,0,negative,negative
258732,0,positive,positive
111115,0,positive,positive
127174,0,positive,positive
176654,0,negative,negative
64353,0,positive,negative
279686,0,negative,negative
74265,0,negative,negative
22472,0,negative,negative
185208,0,positive,positive
48567,0,negative,negative
97222,0,negative,negative
17390,0,negative,positive
201320,0,positive,negative
218639,0,negative,negative
149950,0,positive,positive
213872,0,positive,positive
183549,0,positive,positive
28695,0,negative,negative
32200,0,negative,negative
23420,0,positive,positive
115201,0,positive,positive
145763,0,negative,negative
71972,0,negative,negative
118820,0,positive,negative
31457,0,negative,positive
212704,0,negative,negative
31193,0,negative,negative
58319,0,negative,positive
259447,0,positive,positive
248278,0,positive,positive
169281,0,positive,positive
197338,0,negative,negative
36455,0,positive,positive
151640,0,positive,positive
203946,0,positive,negative
129917,0,negative,negative
94726,0,negative,negative
110431,0,negative,negative
274316,0,negative,negative
249167,0,negative,positive
94864,0,negative,negative
114861,0,positive,negative
34038,0,negative,negative
165641,0,negative,negative
11339,0,positive,positive
59872,0,positive,positive
99598,0,negative,positive
112447,0,positive,negative
197158,0,positive,negative
143074,0,negative,negative
215011,0,negative,negative
24243,0,negative,negative
85903,0,negative,negative
68106,0,negative,negative
161188,0,negative,positive
220173,0,negative,negative
120566,0,negative,positive
123301,0,negative,negative
19805,0,positive,positive
157239,0,positive,negative
88717,0,negative,negative
104222,0,positive,positive
223866,0,negative,positive
204245,0,negative,negative
12198,0,negative,negative
261258,0,negative,negative
119614,0,negative,negative
126990,0,negative,positive
16006,0,negative,negative
162869,0,positive,positive
102230,0,positive,positive
115721,0,negative,negative
115188,0,positive,positive
265821,0,negative,positive
170858,0,negative,negative
161068,0,positive,positive
245822,0,positive,negative
103125,0,negative,negative
220278,0,negative,negative
33937,0,negative,negative
247924,0,positive,positive
247677,0,negative,negative
267636,0,positive,positive
266922,0,positive,positive
57708,0,negative,negative
7437,0,positive,positive
183550,0,negative,negative
162313,0,negative,negative
169614,0,negative,negative
49225,0,positive,negative
124465,0,positive,positive
283780,0,positive,negative
108144,0,negative,negative
113068,0,positive,positive
53123,0,negative,negative
151267,0,negative,negative
59859,0,positive,negative
42206,0,positive,positive
280220,0,negative,negative
225614,0,positive,negative
289743,0,negative,negative
63995,0,positive,positive
193451,0,negative,negative
148346,0,negative,positive
172310,0,negative,negative
141580,0,negative,negative
46378,0,positive,positive
71683,0,negative,negative
119899,0,positive,positive
108721,0,negative,negative
118363,0,positive,negative
126078,0,negative,negative
4611,0,positive,negative
194547,0,positive,negative
214475,0,negative,negative
169551,0,positive,positive
88906,0,negative,negative
2116,0,positive,positive
47601,0,positive,negative
230863,0,negative,negative
97815,0,negative,negative
96722,0,positive,positive
80010,0,negative,negative
12052,0,negative,positive
128252,0,positive,positive
214117,0,positive,negative
116070,0,positive,positive
155363,0,negative,negative
155552,0,negative,positive
46653,0,negative,negative
167761,0,negative,negative
108046,0,positive,positive
180478,0,positive,positive
93976,0,negative,negative
259650,0,negative,positive
69541,0,positive,positive
16738,0,negative,positive
111466,0,positive,positive
144129,0,negative,negative
277215,0,positive,positive
56765,0,positive,negative
72245,0,negative,negative
186100,0,negative,positive
99645,0,positive,positive
196647,0,negative,negative
18830,0,negative,negative
215651,0,negative,positive
197772,0,positive,positive
70068,0,positive,negative
180475,0,positive,positive
179148,0,negative,negative
2542,0,positive,positive
174387,0,negative,positive
135285,0,negative,negative
90231,0,negative,negative
43614,0,positive,positive
240764,0,negative,positive
183746,0,negative,negative
286323,0,negative,positive
88582,0,positive,positive
263046,0,positive,positive
91838,0,positive,positive
70480,0,negative,negative
66559,0,negative,negative
73383,0,positive,positive
172178,0,positive,positive
267215,0,positive,negative
167736,0,positive,positive
215950,0,positive,positive
251513,0,negative,negative
123674,0,negative,negative
224570,0,positive,positive
83376,0,negative,negative
88195,0,negative,positive
207037,0,positive,positive
245126,0,negative,negative
41697,0,negative,negative
35483,0,positive,negative
93912,0,positive,negative
233368,0,negative,negative
204009,0,positive,negative
70100,0,negative,negative
17113,0,negative,negative
59477,0,positive,positive
282603,0,negative,positive
64296,0,negative,positive
56678,0,positive,positive
50948,0,negative,positive
178092,0,positive,positive
176506,0,negative,negative
167103,0,negative,positive
159577,0,negative,positive
283946,0,positive,positive
12214,0,negative,negative
159891,0,positive,positive
21878,0,positive,positive
277780,0,negative,negative
151511,0,negative,negative
75576,0,negative,positive
253608,0,positive,positive
149433,0,negative,negative
104101,0,positive,positive
70070,0,positive,positive
108574,0,negative,negative
131758,0,negative,positive
124835,0,positive,positive
218907,0,negative,negative
14743,0,negative,positive
170258,0,positive,negative
247322,0,negative,positive
52911,0,negative,negative
49174,0,positive,positive
86840,0,positive,positive
70770,0,positive,negative
88466,0,positive,positive
171571,0,negative,positive
85365,0,negative,negative
279701,0,positive,positive
77886,0,positive,negative
290516,0,negative,negative
134619,0,negative,negative
289369,0,positive,negative
59912,0,negative,negative
23451,0,negative,negative
158818,0,positive,positive
88256,0,positive,positive
124569,0,positive,positive
143081,0,negative,positive
75856,0,negative,negative
55272,0,positive,positive
34379,0,negative,negative
155309,0,positive,positive
239698,0,negative,negative
237642,0,negative,negative
290067,0,negative,positive
251387,0,negative,positive
275363,0,negative,negative
251046,0,positive,positive
88824,0,negative,negative
279645,0,positive,positive
91487,0,negative,negative
103966,0,negative,negative
166112,0,negative,positive
56516,0,negative,negative
246036,0,positive,positive
39402,0,positive,negative
67865,0,positive,negative
28965,0,negative,negative
259357,0,positive,positive
16255,0,negative,negative
248970,0,negative,negative
220821,0,negative,positive
122603,0,positive,positive
41837,0,positive,positive
91030,0,negative,negative
183788,0,negative,positive
221140,0,negative,positive
256142,0,positive,positive
200531,0,positive,negative
266497,0,positive,positive
76116,0,negative,positive
258836,0,negative,negative
39875,0,positive,positive
195489,0,positive,positive
140554,0,negative,negative
9785,0,negative,positive
15415,0,positive,positive
141438,0,positive,positive
247852,0,positive,negative
236641,0,negative,negative
52630,0,negative,positive
274055,0,positive,positive
266714,0,positive,positive
11273,0,negative,positive
50287,0,positive,negative
156709,0,positive,positive
290410,0,positive,positive
172905,0,negative,positive
209616,0,positive,positive
17042,0,positive,positive
212293,0,negative,negative
17574,0,positive,positive
73148,0,negative,negative
19408,0,positive,positive
168802,0,positive,negative
238723,0,negative,negative
236369,0,negative,negative
116051,0,positive,positive
247186,0,negative,negative
222518,0,negative,negative
27872,0,positive,positive
140143,0,positive,negative
207713,0,negative,negative
131014,0,negative,negative
163352,0,positive,negative
120781,0,positive,negative
244960,0,positive,positive
253616,0,positive,negative
127545,0,positive,positive
146635,0,positive,positive
170109,0,positive,positive
292140,0,positive,positive
98455,0,positive,positive
82102,0,positive,positive
12110,0,negative,negative
266353,0,positive,negative
6515,0,negative,negative
163110,0,negative,negative
271656,0,negative,positive
244444,0,negative,negative
286230,0,negative,negative
270302,0,negative,negative
62116,0,positive,positive
165445,0,positive,positive
263800,0,positive,negative
156576,0,negative,negative
5350,0,positive,negative
210215,0,positive,negative
160211,0,positive,positive
180975,0,positive,positive
275302,0,positive,positive
289559,0,positive,positive
53877,0,positive,positive
233047,0,positive,positive
209628,0,positive,positive
266500,0,positive,negative
46060,0,positive,negative
82123,0,positive,positive
6845,0,positive,positive
128845,0,negative,negative
183825,0,positive,positive
63956,0,positive,positive
106321,0,negative,positive
156090,0,positive,positive
127880,0,negative,negative
55226,0,negative,negative
50035,0,positive,negative
13310,0,negative,negative
204802,0,positive,positive
204372,0,positive,positive
277832,0,positive,positive
223626,0,negative,negative
128463,0,positive,positive
247129,0,positive,positive
54958,0,negative,negative
135693,0,negative,negative
262101,0,negative,negative
28903,0,positive,positive
280330,0,negative,positive
77507,0,positive,negative
107814,0,positive,positive
243441,0,positive,positive
67320,0,negative,negative
70310,0,negative,negative
266238,0,negative,negative
286637,0,positive,positive
130569,0,negative,positive
77069,0,positive,positive
210261,0,positive,positive
223826,0,positive,positive
111248,0,negative,positive
69945,0,negative,positive
160194,0,negative,negative
241249,0,positive,negative
243609,0,negative,negative
188497,0,positive,positive
189037,0,negative,negative
5727,0,negative,negative
206439,0,negative,negative
245203,0,negative,negative
141138,0,positive,positive
249683,0,negative,positive
37032,0,negative,positive
41177,0,negative,negative
166663,0,positive,positive
64077,0,negative,negative
72261,0,negative,negative
227242,0,positive,positive
73776,0,negative,negative
264962,0,positive,positive
17192,0,positive,negative
215989,0,negative,negative
65106,0,negative,positive
169040,0,positive,negative
288765,0,negative,positive
44785,0,negative,positive
264538,0,positive,positive
101607,0,negative,negative
273351,0,positive,positive
249693,0,positive,positive
277403,0,negative,negative
194006,0,negative,negative
84967,0,positive,positive
172203,0,positive,negative
10036,0,positive,positive
246935,0,negative,negative
259109,0,negative,negative
90323,0,negative,negative
31054,0,positive,positive
172071,0,positive,negative
237462,0,negative,negative
206788,0,positive,positive
284400,0,positive,negative
83117,0,negative,positive
184076,0,negative,negative
270479,0,positive,positive
248508,0,negative,negative
81273,0,positive,positive
145214,0,positive,positive
30046,0,positive,negative
74305,0,positive,positive
174292,0,negative,positive
21480,0,negative,negative
5371,0,negative,negative
111306,0,positive,positive
253181,0,negative,positive
76893,0,negative,negative
174855,0,negative,negative
11590,0,negative,negative
58039,0,positive,positive
46533,0,negative,negative
112529,0,negative,negative
201629,0,negative,negative
277705,0,negative,negative
289695,0,positive,negative
152547,0,positive,positive
171144,0,positive,negative
16134,0,negative,positive
64406,0,positive,negative
168749,0,positive,positive
7023,0,negative,negative
251619,0,positive,negative
78401,0,negative,negative
77148,0,negative,positive
213925,0,positive,positive
4447,0,positive,positive
194910,0,positive,positive
253372,0,negative,positive
256242,0,negative,negative
92337,0,positive,positive
43349,0,positive,positive
212448,0,negative,negative
194268,0,positive,positive
185264,0,positive,positive
230444,0,negative,negative
95045,0,positive,positive
113547,0,negative,positive
278553,0,negative,negative
147831,0,negative,positive
170325,0,negative,negative
85104,0,negative,negative
285359,0,positive,negative
208464,0,positive,positive
63702,0,negative,negative
180967,0,positive,positive
68523,0,negative,negative
34110,0,negative,positive
167989,0,negative,negative
193178,0,positive,positive
138939,0,positive,positive
282435,0,negative,negative
186666,0,negative,negative
265811,0,positive,negative
199687,0,negative,negative
117377,0,negative,negative
279480,0,positive,positive
42900,0,negative,negative
85665,0,positive,positive
151207,0,negative,positive
116421,0,positive,positive
61408,0,positive,positive
168123,0,negative,positive
181683,0,positive,negative
93245,0,positive,positive
193659,0,positive,positive
45101,0,positive,positive
54557,0,negative,negative
127487,0,positive,positive
107613,0,negative,negative
279076,0,positive,positive
143854,0,negative,positive
95877,0,negative,negative
160690,0,negative,positive
158000,0,positive,negative
184796,0,positive,negative
233757,0,negative,positive
259121,0,positive,positive
103778,0,negative,negative
10249,0,positive,positive
186681,0,negative,negative
252198,0,negative,positive
166505,0,positive,positive
142132,0,positive,negative
47579,0,positive,negative
220331,0,negative,negative
137463,0,negative,positive
23286,0,negative,negative
121787,0,negative,negative
10432,0,positive,positive
162891,0,positive,negative
139786,0,positive,positive
137790,0,positive,positive
30610,0,positive,positive
226474,0,positive,positive
277554,0,positive,positive
218589,0,positive,positive
44956,0,positive,negative
63738,0,negative,negative
142038,0,negative,positive
199259,0,negative,negative
286038,0,positive,positive
135622,0,positive,positive
82306,0,positive,positive
55190,0,negative,negative
131630,0,negative,negative
176533,0,positive,positive
99709,0,negative,negative
103384,0,negative,negative
76164,0,positive,negative
111803,0,negative,negative
152388,0,positive,positive
216596,0,positive,positive
212225,0,negative,positive
72272,0,negative,negative
150511,0,negative,negative
123654,0,positive,positive
124293,0,negative,negative
17160,0,negative,positive
286683,0,positive,positive
248600,0,positive,negative
263422,0,negative,negative
176280,0,positive,positive
63566,0,positive,positive
175852,0,negative,negative
221150,0,positive,positive
40814,0,negative,positive
252117,0,positive,positive
48023,0,negative,positive
162779,0,negative,positive
270186,0,positive,negative
13645,0,negative,positive
36057,0,positive,positive
254344,0,negative,negative
281577,0,positive,negative
230220,0,negative,negative
28270,0,positive,negative
68374,0,positive,positive
105281,0,negative,negative
131601,0,positive,positive
238421,0,positive,negative
220424,0,negative,negative
63790,0,negative,negative
219336,0,negative,positive
233764,0,negative,positive
143464,0,negative,negative
78353,0,positive,negative
236898,0,positive,negative
33227,0,negative,negative
105364,0,negative,negative
21867,0,negative,negative
230244,0,negative,negative
153197,0,negative,negative
272536,0,negative,negative
116529,1,negative,negative
139847,1,negative,negative
9071,1,positive,positive
152919,1,negative,positive
249030,1,positive,negative
39570,1,positive,positive
187170,1,negative,negative
66354,1,negative,negative
50373,1,negative,negative
147635,1,negative,negative
770,1,negative,negative
119172,1,negative,positive
185735,1,negative,negative
100257,1,negative,negative
210855,1,positive,negative
272669,1,negative,negative
136010,1,negative,positive
6430,1,negative,positive
30854,1,positive,positive
33854,1,negative,negative
13766,1,negative,negative
271317,1,positive,negative
51498,1,positive,positive
127737,1,negative,negative
113135,1,positive,positive
63851,1,negative,positive
268163,1,positive,positive
100010,1,negative,positive
112315,1,negative,positive
94875,1,negative,negative
163466,1,positive,positive
17930,1,negative,positive
20365,1,negative,negative
260956,1,positive,positive
154871,1,positive,positive
241657,1,negative,negative
105537,1,negative,negative
33316,1,positive,positive
264234,1,negative,negative
225603,1,negative,positive
145093,1,positive,positive
20463,1,positive,positive
262295,1,positive,positive
272549,1,negative,negative
226211,1,positive,positive
166848,1,negative,negative
63744,1,negative,negative
143251,1,positive,positive
158112,1,positive,negative
17561,1,negative,negative
268028,1,negative,negative
203182,1,negative,negative
38345,1,negative,negative
151720,1,positive,negative
33597,1,positive,positive
6921,1,positive,positive
209732,1,negative,negative
138040,1,negative,negative
107656,1,positive,positive
251331,1,negative,negative
92070,1,negative,negative
121419,1,positive,positive
283489,1,positive,negative
3161,1,positive,negative
606,1,positive,positive
114851,1,positive,positive
276829,1,negative,negative
289149,1,negative,positive
256374,1,positive,positive
188476,1,negative,negative
272845,1,negative,positive
161931,1,negative,negative
211418,1,positive,positive
10564,1,positive,positive
272211,1,positive,positive
71007,1,negative,positive
122266,1,negative,negative
35398,1,positive,positive
77790,1,negative,positive
232946,1,positive,positive
125360,1,positive,positive
141753,1,negative,negative
94087,1,negative,negative
85516,1,negative,negative
44739,1,positive,negative
103054,1,positive,negative
150640,1,positive,positive
184200,1,positive,positive
230096,1,negative,negative
262400,1,negative,negative
267406,1,negative,positive
177733,1,negative,negative
37038,1,positive,positive
18108,1,negative,negative
84673,1,positive,negative
86361,1,negative,negative
272403,1,positive,positive
5957,1,positive,positive
9833,1,positive,positive
28116,1,positive,negative
188759,1,negative,negative
280482,1,negative,negative
117477,1,positive,positive
281314,1,positive,negative
55120,1,positive,negative
2687,1,positive,positive
3898,1,negative,positive
38497,1,positive,positive
291692,1,negative,negative
145047,1,positive,negative
15054,1,positive,positive
117114,1,positive,negative
286317,1,positive,positive
84864,1,negative,negative
72893,1,negative,negative
3881,1,negative,negative
255094,1,positive,positive
180750,1,negative,negative
23308,1,positive,positive
151450,1,positive,positive
83306,1,positive,positive
189383,1,negative,positive
221906,1,positive,positive
223379,1,negative,positive
71466,1,positive,negative
97888,1,negative,negative
255033,1,negative,negative
288818,1,positive,positive
163096,1,negative,negative
158076,1,positive,positive
89167,1,positive,positive
12419,1,positive,positive
291380,1,negative,negative
37952,1,negative,positive
260822,1,negative,positive
89063,1,negative,negative
282934,1,negative,positive
44775,1,negative,positive
32393,1,positive,negative
117983,1,negative,negative
173388,1,positive,positive
161173,1,negative,negative
101356,1,negative,negative
177500,1,negative,negative
206111,1,positive,positive
147235,1,negative,negative
141349,1,negative,negative
182138,1,positive,positive
40066,1,negative,negative
137505,1,positive,positive
208323,1,negative,negative
5656,1,positive,negative
179303,1,negative,negative
116710,1,negative,positive
253025,1,negative,negative
235473,1,negative,positive
160608,1,positive,positive
236281,1,negative,negative
145665,1,positive,positive
166078,1,negative,negative
46861,1,positive,positive
48794,1,positive,positive
240443,1,negative,negative
54765,1,negative,positive
2467,1,negative,positive
126933,1,negative,negative
205261,1,positive,positive
121363,1,positive,positive
273393,1,negative,positive
23432,1,positive,positive
155717,1,negative,negative
221052,1,positive,positive
71494,1,positive,positive
29702,1,negative,negative
134762,1,negative,negative
290500,1,negative,negative
185385,1,negative,negative
87409,1,negative,positive
126151,1,negative,negative
154230,1,negative,positive
232549,1,negative,negative
21412,1,negative,positive
203614,1,positive,positive
21997,1,negative,negative
227757,1,positive,positive
164036,1,positive,positive
149199,1,positive,negative
54931,1,positive,positive
190935,1,negative,positive
249765,1,positive,positive
250264,1,positive,positive
86928,1,negative,negative
249772,1,positive,positive
96808,1,positive,negative
144067,1,negative,negative
192070,1,negative,negative
194408,1,negative,negative
286594,1,negative,positive
34788,1,positive,negative
253430,1,positive,positive
273317,1,positive,positive
287493,1,positive,positive
32377,1,positive,positive
96987,1,positive,positive
218137,1,negative,positive
52664,1,positive,positive
71362,1,positive,positive
245237,1,negative,negative
24600,1,negative,negative
181882,1,negative,negative
163930,1,positive,positive
51433,1,negative,negative
184702,1,positive,positive
183535,1,negative,positive
129032,1,positive,positive
216599,1,negative,negative
155200,1,negative,negative
79387,1,positive,positive
245379,1,positive,negative
240887,1,negative,negative
113204,1,negative,negative
259948,1,negative,negative
206283,1,positive,positive
60020,1,negative,negative
74879,1,negative,negative
201220,1,negative,negative
64245,1,positive,positive
276864,1,negative,negative
121619,1,negative,negative
87869,1,negative,negative
70340,1,positive,negative
129317,1,positive,negative
233561,1,negative,positive
226830,1,positive,positive
102529,1,negative,negative
1593,1,positive,positive
156301,1,negative,negative
45087,1,positive,positive
278226,1,negative,negative
116748,1,negative,positive
72310,1,positive,positive
221882,1,positive,negative
241659,1,negative,negative
275947,1,negative,negative
126948,1,negative,negative
91983,1,negative,positive
89544,1,negative,negative
278464,1,negative,negative
240407,1,negative,negative
149229,1,negative,negative
199849,1,negative,negative
236481,1,positive,positive
150705,1,positive,positive
96582,1,negative,positive
49907,1,positive,positive
107885,1,positive,positive
23384,1,positive,positive
84767,1,positive,negative
217209,1,positive,positive
166419,1,negative,negative
191729,1,positive,negative
211627,1,negative,negative
77351,1,negative,negative
173955,1,negative,negative
5451,1,positive,positive
185633,1,negative,negative
231489,1,positive,positive
97511,1,negative,negative
104623,1,positive,positive
195203,1,positive,negative
142809,1,negative,positive
7374,1,positive,positive
160224,1,positive,positive
107111,1,negative,positive
194526,1,positive,positive
92651,1,negative,negative
283632,1,negative,negative
168966,1,positive,positive
258384,1,positive,positive
29387,1,positive,positive
109966,1,positive,negative
233989,1,negative,negative
24118,1,negative,negative
7655,1,positive,negative
244919,1,negative,positive
136924,1,negative,negative
279302,1,positive,positive
142549,1,positive,negative
120560,1,positive,positive
79172,1,negative,negative
207528,1,positive,positive
61972,1,positive,negative
51376,1,negative,negative
122951,1,negative,negative
59363,1,positive,positive
157383,1,negative,negative
246177,1,positive,positive
155539,1,negative,positive
47707,1,negative,negative
29862,1,positive,positive
122289,1,negative,positive
32318,1,negative,negative
240989,1,positive,positive
210195,1,positive,positive
86920,1,positive,negative
212902,1,positive,negative
199410,1,negative,negative
88390,1,positive,positive
168447,1,positive,negative
71105,1,negative,positive
270976,1,positive,negative
277391,1,negative,positive
260435,1,negative,negative
270406,1,negative,negative
55705,1,negative,positive
240601,1,negative,negative
96822,1,negative,positive
98002,1,positive,positive
170332,1,negative,positive
40354,1,positive,positive
2126,1,positive,positive
93465,1,negative,negative
26457,1,positive,positive
51900,1,positive,positive
153191,1,negative,negative
269714,1,positive,negative
251704,1,positive,positive
210501,1,positive,positive
175585,1,positive,negative
277180,1,negative,negative
124562,1,positive,positive
122601,1,negative,negative
196878,1,negative,positive
109572,1,positive,negative
227717,1,negative,negative
83512,1,positive,positive
240641,1,positive,positive
178691,1,negative,negative
166364,1,positive,positive
201123,1,positive,positive
182186,1,positive,positive
281130,1,positive,positive
1584,1,negative,negative
37549,1,negative,negative
136577,1,positive,negative
65774,1,negative,negative
69699,1,positive,negative
285739,1,positive,positive
90577,1,negative,negative
210151,1,positive,negative
254402,1,negative,negative
174036,1,positive,negative
261230,1,positive,negative
26334,1,positive,positive
53845,1,positive,positive
143280,1,negative,negative
107390,1,negative,negative
174770,1,positive,positive
61665,1,positive,positive
290442,1,positive,negative
63010,1,positive,negative
87486,1,negative,negative
290680,1,negative,positive
64448,1,negative,negative
47212,1,positive,negative
210663,1,positive,positive
84034,1,positive,positive
147632,1,positive,positive
209726,1,positive,positive
123188,1,positive,positive
158490,1,negative,negative
248446,1,negative,negative
153214,1,negative,negative
262782,1,positive,negative
191727,1,negative,negative
248101,1,positive,positive
197261,1,positive,positive
164968,1,positive,negative
148170,1,negative,positive
207321,1,positive,positive
103341,1,negative,negative
244222,1,positive,positive
14969,1,positive,positive
289399,1,positive,positive
205665,1,positive,positive
121098,1,positive,positive
187434,1,negative,positive
236759,1,negative,positive
115290,1,negative,positive
5503,1,positive,positive
84594,1,positive,positive
53010,1,negative,positive
110285,1,negative,negative
218206,1,positive,positive
154617,1,negative,negative
48549,1,negative,positive
68929,1,positive,positive
288559,1,positive,negative
134134,1,negative,positive
166740,1,positive,positive
262235,1,positive,positive
153042,1,negative,negative
102436,1,negative,negative
119091,1,positive,negative
200693,1,negative,negative
22077,1,positive,positive
101082,1,positive,negative
212088,1,negative,negative
9000,1,positive,positive
259353,1,negative,negative
192997,1,positive,negative
284795,1,negative,positive
142462,1,negative,positive
76748,1,positive,negative
70619,1,negative,positive
66966,1,positive,positive
227260,1,positive,negative
227426,1,positive,positive
59855,1,negative,negative
18809,1,negative,positive
258085,1,positive,positive
67878,1,positive,positive
104193,1,positive,positive
92007,1,positive,positive
95793,1,negative,negative
88889,1,negative,negative
23926,1,negative,positive
84265,1,positive,positive
233332,1,negative,positive
45995,1,positive,positive
52456,1,positive,negative
286756,1,positive,positive
180372,1,positive,negative
23313,1,negative,negative
46210,1,positive,positive
191774,1,negative,positive
75801,1,positive,positive
254031,1,positive,positive
265421,1,positive,positive
264653,1,positive,negative
36712,1,negative,negative
207072,1,negative,negative
76497,1,negative,negative
3443,1,positive,positive
154840,1,positive,positive
267799,1,positive,positive
179868,1,negative,negative
210225,1,positive,positive
69420,1,negative,negative
98861,1,negative,positive
169613,1,positive,positive
40588,1,positive,positive
186826,1,negative,positive
9281,1,positive,negative
131228,1,negative,negative
203255,1,positive,negative
109909,1,negative,positive
61017,1,positive,negative
188055,1,positive,negative
174653,1,positive,positive
154693,1,positive,positive
216923,1,positive,positive
268302,1,negative,negative
211932,1,negative,positive
248887,1,negative,negative
175314,1,negative,negative
136011,1,positive,positive
112290,1,negative,negative
181087,1,positive,positive
93545,1,positive,positive
102736,1,negative,positive
275725,1,negative,negative
123816,1,positive,positive
192173,1,positive,negative
94458,1,negative,negative
204092,1,negative,negative
233773,1,negative,negative
85659,1,negative,negative
226903,1,positive,positive
269531,1,positive,positive
12028,1,positive,positive
165669,1,positive,positive
119348,1,negative,negative
184061,1,positive,positive
106263,1,negative,negative
216747,1,positive,positive
211355,1,positive,positive
84682,1,negative,negative
124419,1,positive,positive
277796,1,negative,negative
260615,1,negative,negative
258270,1,negative,negative
14599,1,positive,positive
216091,1,negative,negative
152083,1,positive,positive
53946,1,positive,positive
224844,1,negative,negative
131179,1,positive,positive
208138,1,positive,positive
169584,1,negative,positive
214895,1,positive,negative
44677,1,negative,positive
199117,1,positive,positive
109653,1,negative,positive
225212,1,positive,positive
240986,1,negative,negative
129501,1,positive,negative
84347,1,negative,negative
109659,1,positive,positive
157642,1,negative,negative
146202,1,negative,positive
4806,1,positive,negative
51651,1,positive,positive
129291,1,negative,negative
178857,1,negative,negative
231509,1,positive,negative
172119,1,positive,positive
67839,1,positive,positive
53859,1,negative,negative
224082,1,negative,negative
64361,1,positive,negative
229469,1,positive,positive
51648,1,negative,negative
62047,1,negative,negative
255140,1,negative,negative
249908,1,positive,positive
91789,1,negative,negative
270948,1,positive,positive
5713,1,negative,negative
238082,1,positive,positive
130225,1,negative,positive
232949,1,positive,positive
266430,1,negative,negative
120632,1,positive,negative
121923,1,negative,negative
19421,1,positive,positive
39872,1,positive,positive
59135,1,positive,positive
239931,1,negative,positive
82137,1,negative,negative
226088,1,negative,negative
33363,1,negative,positive
8474,1,positive,positive
37229,1,negative,positive
208003,1,negative,positive
123699,1,positive,positive
53087,1,negative,positive
81619,1,positive,negative
49687,1,positive,negative
198021,1,negative,positive
275865,1,positive,positive
28598,1,negative,positive
173175,1,positive,positive
82291,1,positive,positive
210184,1,positive,negative
30444,1,negative,negative
245469,1,positive,negative
226963,1,positive,positive
109113,1,negative,negative
137151,1,negative,negative
130691,1,positive,positive
32903,1,negative,positive
254199,1,negative,negative
198142,1,positive,positive
208374,1,negative,negative
194822,1,positive,positive
45079,1,positive,positive
75334,1,negative,negative
181152,1,negative,positive
213741,1,negative,positive
89552,1,negative,negative
251252,1,negative,positive
239198,1,positive,positive
24133,1,positive,negative
40688,1,positive,positive
215123,1,negative,positive
189440,1,negative,positive
279205,1,negative,negative
125528,1,positive,negative
234194,1,negative,negative
159729,1,negative,negative
70370,1,positive,positive
166672,1,negative,positive
225204,1,positive,positive
77278,1,negative,positive
36170,1,positive,positive
230681,1,positive,positive
119386,1,negative,positive
158265,1,positive,positive
24431,1,positive,negative
39280,1,positive,negative
208371,1,positive,positive
133940,1,negative,negative
237476,1,negative,negative
271346,1,negative,negative
138720,1,positive,positive
73814,1,negative,positive
274809,1,negative,negative
272053,1,negative,negative
191593,1,positive,negative
220776,2,negative,positive
150391,2,negative,positive
151958,2,negative,positive
119957,2,positive,positive
84529,2,positive,negative
227112,2,negative,positive
136210,2,positive,negative
237494,2,positive,positive
139616,2,negative,negative
90229,2,positive,positive
232497,2,negative,positive
120823,2,positive,negative
236089,2,positive,positive
40371,2,negative,negative
206288,2,positive,positive
111609,2,positive,positive
66320,2,negative,negative
156625,2,positive,positive
171060,2,negative,negative
116961,2,negative,negative
282160,2,negative,negative
130257,2,negative,negative
247831,2,positive,negative
216259,2,negative,positive
122385,2,positive,positive
91036,2,positive,positive
152623,2,negative,negative
174306,2,positive,positive
35978,2,negative,negative
78090,2,positive,positive
196658,2,positive,positive
282973,2,positive,positive
83731,2,positive,negative
123216,2,positive,positive
256271,2,positive,negative
239755,2,negative,negative
64611,2,positive,negative
23020,2,positive,positive
142440,2,negative,negative
181958,2,positive,positive
246140,2,positive,positive
175323,2,positive,negative
120389,2,negative,negative
215228,2,positive,positive
173527,2,positive,positive
164201,2,positive,positive
251039,2,negative,negative
108826,2,negative,negative
98986,2,negative,negative
86229,2,positive,positive
203558,2,negative,positive
83430,2,negative,positive
72593,2,positive,positive
217108,2,positive,positive
83478,2,negative,negative
11756,2,negative,negative
238399,2,positive,positive
117571,2,negative,negative
190546,2,negative,negative
179723,2,negative,negative
56419,2,positive,positive
185846,2,positive,positive
168433,2,positive,positive
270511,2,positive,negative
219160,2,positive,negative
51840,2,negative,positive
202093,2,positive,positive
181539,2,positive,positive
115514,2,negative,positive
60323,2,negative,negative
180734,2,positive,positive
6006,2,negative,negative
253669,2,positive,positive
126912,2,negative,negative
169293,2,positive,positive
89831,2,positive,positive
39261,2,negative,negative
237590,2,negative,negative
212711,2,negative,negative
203416,2,positive,positive
289475,2,positive,positive
123056,2,negative,negative
57866,2,negative,negative
23401,2,negative,positive
187046,2,positive,positive
111800,2,negative,positive
79666,2,positive,positive
164908,2,positive,positive
31572,2,negative,negative
239128,2,negative,negative
45617,2,negative,negative
269267,2,positive,positive
184899,2,positive,negative
233201,2,positive,positive
192672,2,negative,negative
5113,2,positive,positive
39571,2,positive,positive
29917,2,positive,negative
176688,2,negative,positive
241835,2,negative,negative
31233,2,positive,negative
75659,2,positive,positive
212107,2,negative,negative
220583,2,negative,negative
36271,2,negative,negative
145173,2,negative,negative
183945,2,negative,negative
75605,2,positive,positive
140031,2,positive,positive
133201,2,positive,positive
201369,2,positive,positive
290640,2,positive,positive
231801,2,positive,positive
31425,2,negative,negative
80284,2,negative,positive
56453,2,negative,negative
171884,2,negative,negative
244638,2,positive,positive
207856,2,negative,negative
160021,2,positive,negative
23482,2,positive,positive
24802,2,positive,positive
234393,2,positive,negative
37218,2,positive,positive
204968,2,negative,negative
85329,2,negative,negative
159640,2,positive,negative
134053,2,negative,negative
1820,2,positive,positive
250822,2,negative,positive
110705,2,negative,negative
270324,2,negative,negative
4781,2,negative,positive
269529,2,positive,positive
265864,2,positive,positive
245317,2,positive,negative
168816,2,negative,negative
258815,2,negative,negative
95713,2,negative,negative
275074,2,positive,negative
107779,2,positive,positive
162950,2,positive,negative
275984,2,negative,negative
265739,2,negative,negative
286555,2,positive,positive
273851,2,negative,positive
176463,2,positive,positive
279165,2,negative,negative
49057,2,positive,positive
84696,2,positive,positive
192945,2,positive,negative
290604,2,positive,negative
99658,2,negative,negative
181298,2,negative,positive
57420,2,negative,negative
73762,2,negative,negative
186855,2,negative,negative
54826,2,positive,positive
187378,2,positive,positive
133133,2,positive,positive
107401,2,negative,negative
195442,2,positive,positive
289508,2,negative,negative
202173,2,negative,negative
203509,2,positive,positive
19428,2,negative,negative
218728,2,positive,negative
109123,2,negative,positive
40993,2,positive,positive
259093,2,positive,positive
251534,2,positive,negative
232512,2,positive,positive
46935,2,positive,negative
111887,2,positive,negative
227946,2,positive,negative
136296,2,positive,positive
75257,2,positive,positive
88465,2,negative,negative
22931,2,positive,positive
197243,2,positive,positive
191168,2,negative,negative
266759,2,positive,positive
223037,2,negative,positive
85401,2,positive,positive
199347,2,positive,negative
90198,2,negative,negative
249716,2,positive,negative
191928,2,positive,positive
191009,2,negative,positive
279127,2,negative,negative
22551,2,negative,negative
192312,2,positive,positive
17526,2,negative,negative
274364,2,negative,negative
261735,2,negative,negative
45384,2,positive,positive
21344,2,negative,positive
70249,2,positive,positive
276205,2,negative,positive
219717,2,positive,positive
144404,2,positive,positive
149409,2,negative,negative
288712,2,negative,negative
235806,2,negative,positive
115978,2,positive,positive
186310,2,positive,negative
128091,2,negative,positive
181041,2,negative,negative
212586,2,negative,negative
15278,2,negative,negative
268349,2,positive,positive
79465,2,positive,negative
108594,2,negative,negative
284157,2,positive,positive
14828,2,positive,negative
224810,2,negative,positive
275277,2,positive,positive
98676,2,negative,positive
190444,2,negative,negative
69848,2,negative,negative
276087,2,positive,negative
238017,2,positive,positive
18377,2,positive,positive
149368,2,negative,positive
250128,2,positive,negative
260219,2,negative,negative
181185,2,positive,negative
83420,2,negative,positive
3272,2,positive,negative
164699,2,negative,negative
61768,2,positive,positive
128669,2,negative,negative
253775,2,negative,negative
155836,2,negative,negative
108455,2,negative,negative
24198,2,positive,positive
112390,2,positive,negative
48358,2,positive,positive
57653,2,positive,positive
269545,2,positive,positive
60017,2,negative,positive
163684,2,positive,negative
263956,2,positive,negative
126899,2,negative,negative
248385,2,negative,negative
62720,2,positive,positive
193262,2,positive,positive
933,2,positive,positive
253716,2,positive,negative
260548,2,negative,positive
96778,2,positive,positive
209029,2,negative,negative
279191,2,positive,negative
34619,2,negative,negative
157722,2,negative,positive
260402,2,negative,positive
282495,2,negative,negative
291561,2,positive,positive
160082,2,negative,negative
68673,2,positive,positive
245166,2,negative,negative
113903,2,negative,positive
134651,2,positive,positive
222139,2,negative,negative
45996,2,negative,negative
274401,2,positive,positive
214279,2,negative,positive
255494,2,positive,positive
249207,2,negative,negative
139072,2,negative,negative
75155,2,negative,positive
184192,2,negative,positive
173290,2,positive,positive
732,2,positive,negative
28521,2,positive,negative
160986,2,positive,positive
185475,2,negative,negative
217707,2,negative,negative
256334,2,positive,positive
129625,2,negative,positive
179905,2,positive,positive
162018,2,positive,negative
90678,2,positive,positive
278410,2,positive,positive
89658,2,positive,negative
129050,2,positive,negative
49073,2,negative,negative
85808,2,negative,negative
132085,2,positive,positive
161901,2,positive,positive
96004,2,positive,positive
111866,2,positive,negative
174986,2,negative,negative
100477,2,positive,positive
96010,2,positive,positive
26363,2,positive,positive
111340,2,positive,positive
29655,2,negative,negative
204215,2,negative,negative
200144,2,negative,negative
272777,2,negative,negative
208738,2,negative,positive
263860,2,positive,positive
286115,2,negative,negative
197195,2,negative,negative
134111,2,negative,negative
280126,2,positive,positive
130674,2,positive,positive
107594,2,positive,negative
281199,2,positive,positive
236352,2,positive,negative
133844,2,positive,negative
42580,2,positive,positive
257887,2,positive,negative
69398,2,negative,negative
32734,2,negative,negative
236853,2,negative,negative
268625,2,negative,negative
258127,2,negative,positive
103059,2,positive,positive
93790,2,negative,negative
78995,2,negative,negative
204674,2,positive,positive
58049,2,positive,positive
179141,2,negative,negative
201801,2,positive,positive
75915,2,positive,positive
243856,2,positive,positive
283368,2,positive,positive
190676,2,positive,positive
221811,2,negative,negative
4933,2,positive,positive
91669,2,negative,negative
247225,2,positive,negative
191834,2,positive,positive
39800,2,negative,negative
202812,2,positive,positive
77303,2,positive,positive
153015,2,negative,negative
135851,2,positive,positive
117597,2,positive,positive
225122,2,negative,negative
119254,2,negative,negative
134830,2,positive,positive
216619,2,positive,positive
162886,2,negative,negative
152598,2,negative,negative
272727,2,negative,positive
46424,2,positive,positive
129359,2,positive,positive
191021,2,positive,negative
288934,2,positive,positive
254605,2,positive,positive
274690,2,positive,positive
159732,2,negative,negative
172960,2,positive,positive
232896,2,positive,positive
222912,2,positive,positive
181317,2,negative,negative
49062,2,positive,positive
138761,2,negative,negative
21014,2,negative,positive
287084,2,negative,negative
111104,2,positive,positive
237077,2,negative,positive
7560,2,positive,negative
175393,2,positive,positive
94644,2,positive,positive
128425,2,positive,positive
217222,2,negative,negative
203595,2,positive,positive
6651,2,negative,positive
250515,2,positive,positive
289426,2,positive,negative
30367,2,negative,negative
112226,2,positive,positive
203172,2,negative,negative
280907,2,negative,positive
235359,2,negative,positive
25177,2,negative,negative
137179,2,negative,positive
212036,2,negative,negative
139523,2,negative,positive
232120,2,negative,negative
38954,2,negative,positive
125117,2,negative,negative
105254,2,positive,positive
146186,2,negative,positive
189369,2,negative,negative
124817,2,negative,positive
41658,2,negative,negative
145915,2,positive,positive
182787,2,positive,negative
23142,2,positive,negative
218548,2,negative,positive
134935,2,negative,positive
56372,2,positive,negative
21394,2,negative,negative
254972,2,positive,positive
23454,2,negative,negative
194145,2,positive,positive
57887,2,negative,negative
141301,2,negative,positive
115866,2,negative,negative
214668,2,positive,positive
270026,2,negative,negative
214165,2,positive,positive
17524,2,negative,negative
18813,2,positive,negative
257000,2,positive,positive
116792,2,positive,negative
150208,2,positive,positive
282126,2,positive,negative
242020,2,negative,positive
265509,2,negative,negative
249246,2,positive,positive
228406,2,positive,positive
59747,2,positive,positive
27516,2,positive,positive
14267,2,negative,negative
234252,2,negative,positive
211179,2,positive,positive
11828,2,negative,negative
140504,2,positive,negative
288421,2,negative,positive
21619,2,positive,positive
64338,2,negative,negative
273391,2,negative,negative
131312,2,positive,negative
237619,2,positive,positive
137788,2,positive,negative
66820,2,positive,negative
242673,2,negative,negative
4272,2,negative,positive
270197,2,negative,negative
55907,2,negative,negative
70321,2,positive,positive
138550,2,positive,positive
19297,2,negative,negative
172953,2,negative,negative
279812,2,positive,positive
208203,2,negative,positive
235579,2,positive,positive
2883,2,negative,negative
256448,2,negative,negative
160867,2,negative,positive
188932,2,negative,negative
251780,2,negative,positive
171549,2,positive,negative
121564,2,positive,negative
96689,2,negative,negative
277,2,negative,negative
73191,2,positive,positive
192232,2,negative,negative
291303,2,positive,positive
63798,2,negative,positive
138732,2,positive,positive
209378,2,negative,negative
232576,2,positive,positive
270723,2,negative,negative
216428,2,negative,positive
252610,2,negative,negative
125373,2,positive,negative
1709,2,positive,negative
62568,2,negative,negative
37420,2,negative,negative
132258,2,positive,positive
17391,2,negative,negative
213938,2,positive,positive
210342,2,negative,positive
33095,2,positive,positive
146568,2,positive,positive
124850,2,negative,negative
63750,2,negative,negative
234161,2,positive,negative
16666,2,positive,negative
59713,2,negative,negative
212811,2,positive,positive
116039,2,positive,positive
152371,2,negative,negative
10335,2,negative,negative
42746,2,negative,positive
213559,2,negative,negative
181743,2,negative,positive
61320,2,positive,positive
284913,2,positive,positive
253189,2,positive,positive
33744,2,negative,negative
68709,2,positive,negative
194012,2,negative,negative
210050,2,positive,positive
45082,2,positive,positive
76082,2,negative,negative
61467,2,negative,negative
84601,2,negative,negative
49930,2,negative,positive
206518,2,positive,positive
206029,2,positive,positive
249519,2,positive,positive
54975,2,negative,negative
83287,2,positive,positive
162764,2,negative,negative
246185,2,negative,negative
16935,2,positive,positive
205798,2,positive,negative
28602,2,negative,positive
287186,2,positive,positive
94222,2,negative,positive
52620,2,positive,positive
146777,2,positive,negative
226461,2,negative,positive
271426,2,positive,positive
229088,2,negative,negative
141808,2,positive,positive
204524,2,negative,positive
238655,2,negative,negative
223989,2,negative,negative
77119,2,negative,negative
176710,2,positive,positive
135691,2,positive,positive
282199,2,negative,positive
157923,2,negative,negative
281185,2,positive,positive
179835,2,positive,positive
92974,2,negative,negative
209276,2,positive,negative
196315,2,positive,positive
145022,2,positive,negative
233716,2,positive,negative
146452,2,positive,positive
15037,2,negative,negative
169795,2,positive,positive
286685,2,negative,negative
68366,2,positive,positive
59538,2,negative,negative
65920,2,positive,negative
115842,2,positive,positive
223630,2,negative,positive
177599,2,positive,positive
219198,2,positive,positive
165228,2,positive,positive
234493,2,positive,positive
273242,2,negative,negative
39142,2,negative,positive
16198,2,negative,negative
224111,2,negative,negative
155516,2,negative,negative
105782,2,negative,negative
46565,2,negative,negative
168554,2,positive,positive
172133,2,positive,negative
2811,2,positive,positive
112908,2,negative,negative
5568,2,positive,positive
132235,2,negative,positive
69738,2,negative,negative
177363,2,positive,negative
287088,2,positive,positive
64063,2,positive,positive
57167,2,positive,positive
210936,2,negative,positive
27495,2,positive,positive
165057,2,negative,negative
283633,2,positive,negative
243807,2,negative,negative
89415,2,positive,positive
137003,2,negative,positive
14567,2,negative,negative
273906,2,negative,negative
98647,2,negative,positive
30170,2,positive,positive
132120,2,positive,negative
130782,2,negative,negative
162888,2,negative,negative
146817,2,positive,positive
49948,2,negative,negative
286775,2,negative,negative
162128,2,positive,positive
13680,2,positive,positive
124801,2,negative,negative
127558,2,positive,negative
165495,2,positive,negative
286580,2,positive,positive
57889,2,positive,positive
153432,2,positive,positive
200048,2,negative,negative
189152,2,positive,positive
240501,2,negative,positive
245444,2,negative,negative
234395,2,positive,negative
246096,2,negative,negative
175069,2,positive,positive
99414,2,negative,negative
170022,2,positive,positive
9706,2,positive,positive
58501,2,negative,negative
52987,2,positive,positive
37269,2,positive,positive
105729,2,positive,positive
193081,2,positive,negative
199277,3,positive,positive
124604,3,negative,negative
59088,3,positive,positive
77765,3,positive,positive
290466,3,negative,negative
70316,3,negative,negative
275793,3,positive,positive
11318,3,positive,negative
194721,3,positive,negative
156766,3,positive,positive
162702,3,negative,positive
199268,3,positive,positive
31985,3,negative,negative
87407,3,positive,positive
290568,3,negative,positive
42798,3,negative,negative
254873,3,negative,negative
118287,3,negative,negative
148378,3,negative,negative
255645,3,positive,negative
250704,3,positive,positive
82985,3,negative,negative
30522,3,positive,positive
125735,3,negative,positive
51056,3,positive,negative
271792,3,negative,negative
165288,3,negative,negative
243666,3,negative,negative
33810,3,positive,positive
264157,3,negative,negative
59043,3,negative,negative
9599,3,positive,negative
67089,3,positive,negative
101465,3,negative,positive
59354,3,positive,negative
276432,3,negative,positive
277009,3,positive,negative
121853,3,positive,negative
57433,3,negative,negative
150934,3,negative,negative
189792,3,positive,positive
82520,3,positive,positive
225156,3,positive,positive
18662,3,positive,positive
217186,3,negative,negative
71496,3,positive,negative
117283,3,negative,positive
132346,3,negative,negative
50743,3,negative,negative
31635,3,negative,negative
4552,3,negative,positive
106831,3,positive,negative
262483,3,positive,negative
112241,3,positive,negative
237340,3,positive,negative
241230,3,negative,negative
216255,3,positive,positive
263397,3,negative,negative
45385,3,positive,positive
213891,3,positive,positive
251836,3,positive,positive
262971,3,positive,positive
161882,3,negative,negative
276733,3,negative,positive
134291,3,positive,positive
227599,3,positive,positive
1571,3,positive,positive
253811,3,negative,positive
205479,3,positive,negative
288902,3,negative,negative
9349,3,positive,positive
156289,3,negative,negative
97278,3,negative,positive
90416,3,positive,positive
91387,3,positive,negative
79305,3,positive,negative
219635,3,positive,positive
228167,3,positive,positive
60933,3,negative,negative
287000,3,negative,negative
80771,3,negative,negative
254808,3,positive,positive
225388,3,positive,positive
145011,3,negative,negative
184700,3,negative,negative
165825,3,positive,negative
61961,3,negative,negative
220539,3,negative,negative
89311,3,positive,positive
171136,3,negative,negative
206146,3,negative,positive
50374,3,positive,positive
251050,3,positive,negative
197766,3,positive,positive
1302,3,negative,negative
209877,3,positive,positive
152927,3,negative,negative
36389,3,negative,negative
265284,3,positive,positive
231221,3,negative,positive
256258,3,negative,negative
8659,3,negative,negative
264198,3,negative,negative
93827,3,negative,negative
20619,3,positive,negative
124566,3,positive,negative
51044,3,positive,positive
260415,3,positive,positive
169618,3,negative,negative
107524,3,negative,negative
283379,3,negative,negative
65971,3,negative,negative
276013,3,negative,negative
2610,3,positive,negative
131619,3,positive,positive
253020,3,positive,negative
136645,3,negative,negative
133042,3,negative,negative
124968,3,negative,negative
270702,3,positive,positive
250037,3,positive,positive
20431,3,negative,negative
95673,3,positive,positive
58900,3,negative,negative
269122,3,negative,negative
94126,3,positive,positive
234345,3,negative,negative
150080,3,negative,positive
268380,3,negative,negative
79566,3,negative,negative
171046,3,positive,negative
213550,3,positive,positive
18390,3,negative,positive
244626,3,negative,negative
38761,3,positive,negative
47063,3,negative,negative
89912,3,positive,positive
96735,3,negative,negative
148747,3,positive,positive
136471,3,positive,positive
79371,3,positive,positive
238386,3,negative,negative
207485,3,negative,negative
214649,3,positive,positive
224050,3,negative,positive
278531,3,positive,negative
112869,3,positive,negative
158174,3,positive,positive
89675,3,positive,positive
268161,3,positive,positive
166849,3,negative,positive
186849,3,negative,negative
37433,3,negative,positive
200665,3,negative,negative
181669,3,positive,negative
126244,3,positive,negative
104011,3,negative,negative
53669,3,positive,negative
157912,3,positive,positive
36302,3,positive,positive
173777,3,negative,negative
197033,3,negative,positive
99679,3,negative,negative
22688,3,positive,negative
116163,3,positive,positive
102034,3,positive,negative
229225,3,negative,negative
149321,3,positive,positive
247845,3,negative,positive
285125,3,negative,positive
22232,3,negative,negative
191242,3,positive,positive
78635,3,positive,positive
285435,3,negative,negative
113310,3,negative,positive
57845,3,negative,negative
245555,3,negative,negative
9366,3,positive,negative
109496,3,negative,negative
228242,3,positive,positive
155977,3,negative,negative
218123,3,negative,negative
74141,3,positive,positive
213878,3,positive,positive
284576,3,positive,negative
49860,3,negative,negative
66951,3,positive,negative
121411,3,negative,negative
66127,3,negative,negative
163900,3,negative,negative
276170,3,positive,negative
52462,3,positive,positive
91826,3,positive,negative
175195,3,positive,positive
163362,3,negative,negative
282421,3,positive,positive
222261,3,positive,positive
141203,3,positive,positive
17012,3,negative,negative
27694,3,positive,positive
110233,3,negative,negative
169910,3,positive,positive
105746,3,negative,negative
281614,3,negative,positive
100127,3,negative,negative
110125,3,negative,negative
34254,3,negative,negative
154585,3,negative,negative
259488,3,positive,positive
76448,3,positive,negative
171166,3,negative,negative
35104,3,negative,negative
38225,3,negative,negative
157010,3,positive,positive
51006,3,positive,negative
289996,3,negative,negative
229409,3,negative,negative
68322,3,negative,negative
167067,3,positive,negative
196520,3,positive,positive
133156,3,negative,negative
34582,3,positive,positive
272393,3,positive,negative
219281,3,positive,positive
107157,3,positive,positive
103908,3,negative,negative
280456,3,negative,negative
49971,3,negative,positive
183376,3,positive,positive
289047,3,positive,positive
264430,3,negative,negative
136799,3,negative,negative
29215,3,positive,positive
160085,3,negative,negative
92810,3,negative,negative
233998,3,negative,positive
1358,3,negative,negative
195213,3,positive,negative
70929,3,negative,negative
193621,3,positive,positive
31228,3,positive,positive
80148,3,positive,positive
270678,3,positive,negative
60950,3,positive,positive
161289,3,negative,positive
279131,3,negative,negative
254409,3,negative,negative
36347,3,negative,negative
50367,3,positive,positive
72150,3,negative,positive
131380,3,positive,positive
12497,3,negative,negative
267014,3,negative,negative
35817,3,positive,positive
25452,3,negative,negative
56641,3,positive,positive
269330,3,negative,positive
231011,3,negative,negative
244697,3,positive,positive
196226,3,negative,negative
158773,3,positive,positive
75315,3,negative,negative
170404,3,negative,negative
178043,3,positive,negative
105311,3,negative,negative
254639,3,positive,positive
106307,3,positive,positive
166063,3,negative,negative
162793,3,positive,positive
244469,3,negative,negative
157013,3,positive,negative
96301,3,positive,negative
131995,3,positive,positive
12600,3,positive,positive
35955,3,negative,positive
153644,3,positive,negative
186458,3,negative,negative
211604,3,positive,positive
173263,3,negative,negative
128272,3,positive,positive
200334,3,positive,positive
94373,3,negative,negative
203061,3,negative,negative
44919,3,positive,negative
255361,3,positive,positive
200217,3,negative,negative
197361,3,positive,positive
36928,3,positive,negative
167552,3,negative,negative
86408,3,negative,negative
56113,3,negative,negative
77700,3,negative,negative
147564,3,positive,positive
134595,3,positive,positive
254455,3,positive,negative
228462,3,positive,negative
50169,3,negative,negative
48962,3,positive,positive
153137,3,positive,positive
78069,3,negative,negative
117618,3,negative,negative
144298,3,negative,negative
184456,3,negative,negative
198255,3,negative,negative
273591,3,positive,positive
259629,3,negative,negative
125222,3,positive,negative
224101,3,positive,positive
255994,3,positive,positive
282440,3,positive,positive
228540,3,positive,positive
291511,3,positive,positive
222184,3,positive,negative
22713,3,negative,negative
242363,3,negative,positive
207137,3,negative,negative
24096,3,positive,positive
246147,3,positive,negative
195329,3,negative,negative
177192,3,negative,negative
203588,3,positive,positive
128958,3,positive,negative
59716,3,negative,negative
81364,3,negative,positive
45761,3,positive,positive
64637,3,negative,positive
37097,3,negative,negative
21033,3,negative,negative
27552,3,negative,negative
103891,3,positive,positive
282189,3,negative,positive
126118,3,negative,negative
249142,3,negative,negative
141283,3,negative,negative
277511,3,negative,negative
31563,3,positive,positive
252895,3,positive,positive
31790,3,negative,negative
241222,3,negative,negative
46086,3,negative,negative
101147,3,positive,negative
163748,3,positive,negative
125485,3,negative,negative
275604,3,negative,negative
256505,3,negative,negative
10131,3,negative,negative
237711,3,positive,positive
131502,3,positive,positive
82514,3,positive,negative
154018,3,negative,positive
55745,3,negative,negative
161749,3,negative,negative
255124,3,negative,negative
136694,3,positive,positive
28189,3,positive,positive
125615,3,negative,negative
114201,3,negative,negative
42979,3,positive,positive
225009,3,negative,negative
203663,3,negative,negative
96563,3,negative,negative
222209,3,positive,negative
86039,3,positive,negative
201833,3,negative,positive
214268,3,negative,negative
235523,3,negative,negative
258621,3,positive,positive
34031,3,negative,positive
250882,3,negative,negative
179698,3,positive,positive
226243,3,positive,positive
227443,3,negative,negative
90436,3,negative,positive
146703,3,positive,negative
268649,3,negative,negative
289617,3,positive,negative
249833,3,positive,positive
92086,3,positive,positive
6565,3,positive,positive
97850,3,negative,positive
1262,3,positive,positive
46016,3,positive,positive
71551,3,negative,negative
1970,3,negative,negative
37804,3,positive,positive
101657,3,positive,negative
247197,3,positive,positive
272378,3,negative,negative
252368,3,positive,positive
30102,3,positive,positive
154567,3,negative,negative
127384,3,negative,negative
67634,3,negative,positive
184912,3,positive,positive
163286,3,positive,positive
241253,3,positive,positive
271020,3,positive,positive
20948,3,negative,negative
81469,3,positive,positive
223924,3,positive,positive
290892,3,negative,negative
282110,3,positive,positive
82407,3,negative,positive
153014,3,negative,negative
61448,3,positive,positive
105743,3,positive,positive
263233,3,positive,negative
195321,3,positive,positive
18872,3,positive,positive
108235,3,positive,negative
25782,3,negative,negative
25307,3,positive,positive
76657,3,positive,positive
116595,3,positive,positive
224160,3,negative,negative
119213,3,positive,negative
280197,3,negative,negative
99700,3,negative,positive
45113,3,positive,positive
209556,3,negative,negative
158519,3,negative,negative
205658,3,negative,negative
76324,3,negative,negative
96346,3,negative,negative
30488,3,negative,positive
148059,3,positive,positive
220182,3,negative,positive
104132,3,negative,negative
65279,3,negative,negative
265764,3,negative,positive
78184,3,negative,negative
89223,3,positive,positive
283934,3,negative,positive
179718,3,positive,positive
100617,3,positive,positive
88907,3,negative,positive
255631,3,positive,negative
272533,3,positive,positive
43412,3,negative,negative
184741,3,positive,positive
45426,3,negative,negative
215121,3,positive,positive
115306,3,positive,positive
261765,3,positive,negative
201734,3,negative,negative
125686,3,positive,positive
28515,3,positive,negative
153909,3,negative,negative
30205,3,negative,positive
154378,3,positive,positive
57768,3,positive,positive
9887,3,positive,positive
76222,3,positive,positive
201827,3,positive,positive
225697,3,negative,negative
94748,3,negative,negative
124427,3,negative,negative
219295,3,positive,positive
47149,3,positive,positive
76409,3,positive,negative
169873,3,negative,negative
262711,3,positive,negative
127746,3,negative,negative
4930,3,positive,positive
68266,3,negative,negative
179675,3,negative,negative
1112,3,positive,positive
7329,3,negative,negative
128284,3,negative,negative
163918,3,negative,negative
172701,3,positive,positive
68326,3,negative,positive
72431,3,positive,positive
255663,3,negative,positive
253586,3,negative,negative
194017,3,negative,positive
133982,3,negative,positive
138612,3,negative,positive
106268,3,positive,negative
179209,3,positive,positive
20607,3,negative,negative
203145,3,positive,negative
201519,3,positive,positive
77354,3,negative,positive
277656,3,positive,negative
114990,3,negative,negative
227673,3,positive,negative
192708,3,positive,positive
28492,3,negative,negative
94061,3,positive,positive
283058,3,positive,positive
84607,3,positive,negative
127087,3,positive,positive
241284,3,positive,positive
147505,3,positive,negative
281391,3,positive,negative
72773,3,negative,positive
221746,3,negative,negative
136442,3,negative,negative
269646,3,positive,negative
286592,3,positive,positive
166087,3,positive,positive
134835,3,positive,positive
107984,3,positive,negative
19706,3,negative,negative
202054,3,negative,negative
132866,3,positive,negative
157743,3,negative,positive
180328,3,positive,negative
194536,3,positive,positive
236110,3,positive,positive
101361,3,negative,positive
285534,3,negative,negative
26479,3,negative,negative
151524,3,positive,positive
260586,3,negative,negative
123774,3,positive,positive
242323,3,negative,negative
199115,3,negative,negative
131354,3,positive,negative
182163,3,negative,negative
169923,3,negative,negative
242259,3,negative,negative
254319,3,negative,negative
76507,3,negative,positive
207347,3,negative,negative
70819,3,negative,negative
5019,3,negative,positive
272977,3,positive,positive
50793,3,negative,positive
115071,3,negative,negative
68780,3,negative,negative
254676,3,positive,positive
289693,3,positive,positive
263288,3,negative,negative
221859,3,negative,negative
131023,3,positive,positive
142359,3,positive,positive
145216,3,positive,negative
281466,3,negative,positive
222751,3,positive,negative
197724,3,positive,negative
47307,3,positive,positive
122627,3,positive,positive
186948,3,positive,positive
230387,3,positive,positive
172781,3,positive,positive
112039,3,positive,negative
249507,3,positive,positive
89096,3,negative,negative
3583,3,positive,positive
135363,3,positive,negative
221001,3,negative,positive
201283,3,negative,negative
102233,3,positive,negative
58071,3,positive,negative
126979,3,positive,positive
33653,3,positive,negative
268595,3,positive,positive
14011,3,negative,positive
58964,3,positive,positive
56554,3,negative,negative
94717,3,negative,negative
226806,3,negative,negative
245202,3,positive,negative
115321,3,positive,positive
237558,3,negative,negative
191778,3,positive,negative
213909,3,negative,negative
220031,3,positive,positive
209110,3,positive,negative
110415,3,negative,negative
41772,3,positive,positive
246932,3,negative,negative
62739,3,positive,positive
124277,3,negative,positive
6833,3,negative,negative
242016,3,positive,positive
267868,3,positive,positive
222289,3,positive,negative
34875,3,positive,positive
52407,3,negative,negative
64661,3,negative,negative
28040,3,negative,negative
157127,3,negative,negative
13597,3,negative,negative
92466,3,negative,negative
77920,3,negative,negative
83861,3,negative,negative
140482,3,positive,positive
233225,3,positive,positive
264801,3,positive,positive
162270,3,negative,negative
145392,3,positive,positive
26402,3,positive,negative
5068,3,positive,negative
101412,3,negative,negative
158036,3,positive,negative
86338,3,negative,negative
288508,3,negative,positive
214590,4,negative,positive
86591,4,negative,positive
189075,4,negative,negative
78730,4,negative,negative
214658,4,negative,negative
153028,4,negative,positive
225953,4,negative,negative
235561,4,negative,negative
67877,4,negative,negative
246627,4,positive,positive
233043,4,negative,negative
34454,4,positive,negative
131814,4,positive,positive
118892,4,positive,positive
59742,4,positive,negative
45305,4,negative,positive
275973,4,positive,positive
243797,4,negative,negative
2849,4,positive,positive
142598,4,positive,negative
239153,4,negative,negative
288823,4,negative,positive
94130,4,positive,positive
250970,4,negative,negative
259559,4,negative,negative
122000,4,positive,positive
232826,4,positive,positive
39548,4,negative,negative
120727,4,positive,negative
250884,4,positive,positive
12140,4,negative,negative
131724,4,negative,positive
147056,4,negative,negative
36295,4,negative,negative
34830,4,positive,positive
88338,4,negative,positive
175937,4,positive,negative
280191,4,positive,positive
159224,4,negative,negative
198177,4,positive,negative
289002,4,positive,positive
202089,4,positive,positive
129645,4,negative,negative
27712,4,positive,positive
227230,4,negative,positive
38475,4,negative,negative
249278,4,negative,negative
130981,4,negative,negative
6292,4,positive,negative
36609,4,negative,negative
12163,4,negative,negative
139943,4,positive,negative
26965,4,negative,negative
46721,4,negative,negative
30738,4,positive,positive
71413,4,positive,positive
28642,4,negative,negative
211885,4,negative,negative
228617,4,positive,positive
84959,4,negative,negative
268719,4,negative,negative
230268,4,positive,positive
198449,4,positive,positive
26298,4,positive,negative
19663,4,positive,positive
57098,4,positive,negative
30563,4,negative,negative
56342,4,negative,negative
1758,4,positive,negative
13214,4,negative,negative
16096,4,negative,negative
195076,4,positive,negative
87915,4,negative,positive
48496,4,positive,positive
285334,4,negative,negative
172638,4,positive,positive
255560,4,positive,negative
256983,4,positive,positive
235717,4,negative,negative
42424,4,positive,positive
95184,4,negative,negative
49154,4,negative,positive
43147,4,negative,positive
160245,4,negative,negative
99689,4,negative,negative
124728,4,negative,negative
107918,4,negative,negative
66557,4,negative,positive
235664,4,negative,positive
207850,4,positive,positive
71423,4,positive,negative
197566,4,negative,negative
194252,4,positive,positive
95297,4,negative,negative
120374,4,positive,negative
6026,4,positive,positive
235602,4,negative,positive
281984,4,negative,negative
194856,4,positive,negative
278059,4,positive,positive
129162,4,positive,negative
126741,4,positive,positive
16396,4,positive,positive
22334,4,negative,positive
286766,4,negative,negative
285087,4,negative,negative
96686,4,negative,positive
12557,4,positive,positive
56424,4,positive,positive
277786,4,positive,positive
133959,4,positive,negative
285472,4,positive,negative
103641,4,negative,negative
41642,4,positive,negative
125522,4,negative,positive
4810,4,positive,positive
213446,4,negative,negative
46708,4,positive,negative
139919,4,positive,negative
25770,4,negative,negative
165310,4,positive,positive
266476,4,negative,negative
47916,4,negative,negative
200160,4,positive,negative
94682,4,positive,positive
226809,4,negative,negative
277379,4,negative,negative
284579,4,negative,negative
48918,4,negative,negative
278657,4,negative,negative
75579,4,positive,positive
174454,4,negative,negative
31978,4,positive,positive
145270,4,negative,negative
289812,4,negative,negative
264129,4,negative,negative
139058,4,negative,negative
119151,4,negative,negative
99855,4,positive,negative
17412,4,negative,positive
145765,4,negative,negative
149317,4,negative,positive
241945,4,positive,positive
150545,4,negative,negative
41904,4,positive,negative
44577,4,negative,negative
200532,4,negative,negative
19430,4,negative,negative
56647,4,positive,negative
241702,4,negative,positive
44358,4,negative,negative
176450,4,negative,positive
175073,4,negative,negative
110112,4,negative,negative
62765,4,positive,negative
251735,4,negative,negative
109030,4,negative,negative
153307,4,negative,negative
189877,4,positive,positive
288294,4,negative,positive
94761,4,positive,positive
191034,4,negative,negative
162043,4,positive,positive
189702,4,positive,positive
189218,4,negative,negative
188452,4,positive,positive
57176,4,positive,positive
30689,4,positive,negative
276775,4,negative,negative
25059,4,negative,negative
207998,4,positive,negative
87893,4,negative,positive
59112,4,negative,negative
171682,4,negative,negative
251204,4,negative,negative
241492,4,positive,positive
79911,4,positive,positive
185042,4,positive,positive
57928,4,negative,positive
3029,4,positive,negative
43087,4,negative,positive
61259,4,negative,negative
78231,4,positive,positive
248985,4,positive,negative
51678,4,positive,positive
107400,4,negative,negative
148847,4,negative,positive
16604,4,positive,positive
72466,4,positive,positive
954,4,positive,negative
135106,4,positive,negative
107521,4,positive,positive
49931,4,negative,negative
121650,4,negative,positive
254669,4,negative,negative
141863,4,positive,positive
21559,4,positive,negative
264642,4,positive,negative
88637,4,negative,negative
18218,4,positive,negative
228029,4,negative,negative
258420,4,positive,positive
34396,4,negative,negative
147004,4,negative,negative
233497,4,negative,positive
225868,4,negative,negative
45296,4,negative,negative
288756,4,negative,positive
292031,4,negative,negative
58636,4,negative,positive
168670,4,negative,negative
290624,4,negative,negative
180923,4,negative,negative
126181,4,negative,negative
63178,4,positive,positive
61958,4,negative,negative
96943,4,negative,negative
177084,4,negative,negative
140691,4,negative,positive
262359,4,negative,negative
191932,4,positive,negative
50197,4,positive,negative
273509,4,positive,negative
274669,4,positive,negative
193942,4,positive,negative
160765,4,negative,positive
226584,4,positive,negative
220235,4,positive,positive
281283,4,negative,positive
166586,4,positive,positive
195378,4,positive,negative
209947,4,positive,negative
111217,4,negative,positive
64325,4,positive,negative
140244,4,positive,positive
218017,4,positive,positive
222058,4,positive,positive
127409,4,negative,negative
109609,4,negative,negative
268273,4,positive,positive
82126,4,positive,positive
289038,4,positive,positive
31798,4,negative,negative
209845,4,positive,positive
257536,4,negative,positive
75260,4,positive,positive
22909,4,positive,negative
4178,4,positive,negative
111287,4,negative,negative
226547,4,negative,positive
276570,4,positive,negative
262300,4,negative,negative
140915,4,positive,negative
159336,4,positive,positive
177465,4,negative,positive
74801,4,negative,negative
271685,4,negative,negative
50435,4,negative,negative
205601,4,negative,negative
60149,4,negative,negative
25518,4,negative,positive
187724,4,negative,negative
126910,4,negative,negative
267139,4,positive,positive
232258,4,positive,negative
231057,4,negative,positive
120321,4,negative,negative
51732,4,negative,negative
151006,4,negative,positive
78260,4,negative,positive
13306,4,positive,positive
198036,4,positive,positive
247768,4,negative,negative
286028,4,positive,negative
187978,4,positive,positive
122763,4,positive,positive
227762,4,positive,positive
220955,4,negative,negative
157973,4,negative,negative
72434,4,negative,negative
94306,4,negative,negative
211959,4,negative,positive
287401,4,positive,positive
219359,4,negative,negative
280721,4,negative,negative
18488,4,negative,positive
35434,4,positive,positive
277491,4,positive,positive
241439,4,negative,negative
158514,4,positive,negative
39971,4,negative,negative
83173,4,negative,negative
283981,4,positive,negative
64566,4,negative,negative
193215,4,positive,positive
208570,4,negative,negative
140229,4,positive,negative
274945,4,negative,positive
141993,4,negative,negative
38358,4,negative,negative
151066,4,positive,positive
83005,4,positive,negative
28484,4,negative,negative
155067,4,negative,positive
145916,4,positive,negative
104165,4,positive,positive
217875,4,positive,positive
252260,4,negative,negative
265765,4,negative,negative
15149,4,negative,positive
54572,4,negative,positive
79754,4,negative,negative
65899,4,negative,negative
69419,4,negative,positive
195095,4,positive,negative
16539,4,positive,positive
210396,4,positive,positive
79414,4,positive,positive
199957,4,positive,positive
248155,4,negative,positive
33204,4,negative,positive
102359,4,negative,negative
20228,4,positive,positive
282129,4,positive,negative
280585,4,negative,positive
222596,4,negative,positive
34587,4,negative,positive
109267,4,positive,positive
96961,4,positive,positive
134678,4,negative,positive
34883,4,positive,positive
9478,4,positive,negative
145111,4,positive,positive
222482,4,positive,positive
21113,4,negative,negative
16552,4,positive,positive
24370,4,negative,negative
191096,4,positive,positive
36231,4,negative,positive
100462,4,positive,negative
3608,4,negative,negative
256098,4,positive,negative
246950,4,positive,positive
86888,4,negative,negative
64175,4,positive,negative
22227,4,negative,negative
114246,4,positive,positive
46892,4,positive,positive
120455,4,negative,negative
284553,4,negative,positive
97185,4,negative,negative
60015,4,positive,positive
258516,4,positive,positive
250516,4,positive,positive
269675,4,positive,positive
178010,4,positive,negative
248741,4,negative,negative
43136,4,positive,positive
183088,4,negative,positive
45842,4,positive,positive
67586,4,negative,negative
248798,4,positive,positive
46162,4,negative,negative
106359,4,negative,negative
101211,4,negative,negative
122747,4,negative,positive
18349,4,negative,negative
35061,4,negative,negative
169071,4,negative,positive
64475,4,negative,negative
135533,4,positive,negative
175052,4,positive,positive
281762,4,negative,negative
142433,4,positive,positive
233056,4,positive,negative
129616,4,positive,positive
280100,4,negative,negative
20298,4,negative,negative
178604,4,negative,negative
70031,4,positive,positive
227178,4,positive,positive
125478,4,positive,negative
84416,4,negative,positive
225699,4,negative,negative
255680,4,negative,negative
15783,4,positive,positive
57686,4,negative,negative
291092,4,negative,positive
55305,4,negative,negative
171815,4,positive,positive
197482,4,negative,negative
270652,4,negative,negative
103766,4,negative,positive
29596,4,positive,positive
13108,4,positive,positive
2409,4,positive,positive
47640,4,positive,negative
26224,4,positive,positive
89882,4,negative,negative
13255,4,positive,positive
198929,4,negative,positive
288954,4,negative,negative
290825,4,positive,negative
60875,4,positive,positive
286487,4,positive,positive
163093,4,negative,negative
260604,4,positive,positive
234614,4,positive,positive
100705,4,negative,negative
119168,4,negative,negative
215221,4,negative,negative
2073,4,positive,positive
268986,4,negative,negative
9705,4,positive,negative
67536,4,negative,positive
221286,4,negative,negative
161428,4,negative,negative
57247,4,positive,positive
119224,4,negative,negative
109328,4,positive,positive
109567,4,positive,positive
139634,4,positive,negative
143167,4,positive,positive
243968,4,negative,negative
106073,4,negative,negative
263001,4,positive,positive
26971,4,negative,negative
4019,4,positive,negative
98744,4,negative,positive
289303,4,positive,negative
280984,4,negative,negative
229141,4,positive,positive
254234,4,positive,negative
228149,4,positive,positive
24921,4,positive,positive
83790,4,positive,negative
264324,4,positive,positive
199878,4,positive,negative
184511,4,positive,negative
159927,4,negative,negative
59820,4,negative,negative
16462,4,positive,positive
173706,4,negative,positive
229342,4,positive,positive
166891,4,negative,negative
12448,4,positive,positive
238173,4,positive,positive
229555,4,positive,negative
37100,4,negative,negative
225825,4,negative,negative
131748,4,positive,positive
7057,4,positive,negative
5193,4,positive,negative
126449,4,negative,positive
230574,4,positive,positive
188531,4,negative,negative
32765,4,negative,negative
7714,4,negative,positive
218670,4,positive,positive
41400,4,positive,positive
113306,4,negative,positive
74810,4,negative,negative
23214,4,negative,negative
22358,4,positive,positive
131465,4,positive,negative
64962,4,negative,positive
204234,4,positive,negative
177428,4,positive,positive
260928,4,positive,positive
66701,4,positive,positive
63036,4,negative,positive
95015,4,positive,positive
191683,4,negative,negative
146473,4,negative,positive
17375,4,positive,negative
277970,4,negative,negative
16543,4,negative,negative
2388,4,positive,positive
104824,4,negative,negative
130008,4,positive,positive
191128,4,positive,negative
238564,4,negative,positive
57509,4,positive,positive
23855,4,positive,positive
54182,4,negative,positive
265028,4,negative,negative
18713,4,negative,negative
114601,4,negative,positive
752,4,positive,negative
259046,4,positive,positive
188959,4,positive,negative
291495,4,positive,positive
248711,4,negative,negative
78390,4,negative,negative
189417,4,negative,negative
176406,4,negative,negative
107131,4,positive,negative
44861,4,positive,positive
188000,4,negative,negative
109750,4,positive,positive
105238,4,negative,negative
9749,4,negative,negative
155729,4,positive,negative
173078,4,positive,positive
78780,4,positive,positive
128346,4,negative,negative
278700,4,positive,positive
171372,4,negative,negative
100064,4,negative,negative
64924,4,positive,positive
22073,4,negative,positive
122525,4,positive,positive
43596,4,negative,positive
27918,4,negative,negative
118614,4,positive,negative
125396,4,negative,negative
45219,4,negative,negative
228194,4,negative,negative
195279,4,positive,negative
21713,4,negative,positive
157668,4,negative,negative
136641,4,negative,negative
140892,4,negative,negative
54634,4,positive,positive
12426,4,negative,positive
35354,4,negative,negative
283909,4,negative,positive
179101,4,positive,positive
277532,4,positive,negative
282962,4,negative,negative
72333,4,negative,negative
291228,4,negative,negative
152790,4,negative,negative
231577,4,positive,positive
225333,4,positive,negative
201563,4,negative,negative
256493,4,positive,positive
277846,4,negative,negative
237341,4,positive,positive
213725,4,positive,negative
166170,4,positive,negative
61877,4,positive,positive
159230,4,positive,positive
143984,4,positive,positive
226949,4,negative,negative
31162,4,positive,negative
223228,4,positive,positive
240878,4,positive,positive
11253,4,positive,positive
95860,4,positive,positive
228114,4,positive,positive
92945,4,negative,positive
223563,4,negative,positive
279425,4,positive,positive
266527,4,positive,positive
239811,4,negative,negative
148229,4,negative,negative
189642,4,positive,positive
134204,4,negative,negative
235432,4,negative,positive
288487,4,positive,positive
75356,4,negative,negative
15643,4,negative,negative
88503,4,negative,negative
159754,4,positive,negative
230777,4,positive,positive
226473,4,negative,positive
221406,4,positive,positive
145893,4,positive,positive
106947,4,positive,positive
240385,4,negative,negative
22026,4,positive,positive
61747,4,positive,positive
251845,4,negative,positive
19810,4,negative,positive
131090,4,positive,negative
4572,4,positive,negative
8744,4,positive,positive
286605,4,negative,positive
208009,4,negative,negative
205500,4,positive,negative
202721,4,negative,positive
272685,4,negative,negative
275696,4,positive,positive
247883,4,positive,positive
40399,4,negative,positive
117367,4,positive,positive
288875,4,positive,positive
230999,4,negative,positive
256646,4,positive,positive
135627,4,positive,positive
11037,4,negative,positive
184761,4,negative,positive
151994,4,negative,positive
227206,4,positive,positive
194665,4,positive,negative
252369,4,negative,negative
114410,4,negative,positive
259335,4,positive,positive
193609,4,positive,positive
